size,batch,flops,flops_torch,bytes_moved,arithmetic_intensity,pred_memory_bytes,real_memory_bytes,real_latency_s,pred_latency_s,real_energy_j,pred_energy_j,oom,is_validation
32,1,18452836.0,18450432.0,4542624.0,4.062153504230154,4214944.0,13799424,0.0001955839991569519,4.093601696862638e-06,0.0,0.07738031273156912,False,False
32,2,36905672.0,36900864.0,4923952.0,7.495132365222082,4268592.0,13869056,0.0001913440003991127,8.08166815986174e-06,0.0,0.0777378299882807,False,False
32,4,73811344.0,73801728.0,5686608.0,12.979854422882674,4375888.0,14008320,0.00019148799777030944,1.605780108585994e-05,0.0,0.07845286450170391,False,False
32,8,147622688.0,147603456.0,7211920.0,20.46926310885312,4590480.0,14286848,0.00019968000054359437,3.201006693785634e-05,0.0,0.0798829335285503,False,False
32,16,295245376.0,295206912.0,10262544.0,28.769219016259516,5019664.0,14843904,0.00022118400037288665,6.391459864184914e-05,0.0,0.0827430715822431,False,False
32,32,590490752.0,590413824.0,16363792.0,36.08520274518278,5878032.0,15958016,0.00027340799570083616,0.00012772366204983476,0.0,0.08846334768962869,False,False
32,64,1180981504.0,1180827648.0,28566288.0,41.341790855010636,7594768.0,26181632,0.0004280320107936859,0.000255341788865806,0.0,0.0999038999043999,False,False
32,128,2361963008.0,2361655296.0,52971280.0,44.5895022359286,11028240.0,22642688,0.0006003519892692566,0.0005105780424977484,0.44592,0.12278500433394224,False,False
32,256,4723926016.0,4723310592.0,101781264.0,46.41253046336701,17895184.0,31555584,0.0010538400411605835,0.0010210505497616333,0.47698,0.168547213193027,False,False
32,14,258339704.0,258306048.0,9499888.0,27.19397365526836,4912368.0,14704640,0.00020684799551963807,5.5938465715850946e-05,0.0,0.08202803706881992,False,True
32,102,1882189272.0,1881944064.0,43056752.0,43.71414899108042,9633392.0,20832256,0.0005437440276145935,0.00040688831445977186,0.0,0.11348955565944074,False,True
32,215,3967359740.0,3966842880.0,86146816.0,46.05346923094639,15695616.0,29614080,0.000907039999961853,0.0008575398247786702,0.39192,0.15388900566785146,False,True
64,1,72870244.0,72861696.0,5660832.0,12.872709170666079,4374688.0,14008320,0.0001818079948425293,1.585440853696781e-05,0.0,0.07831750100285127,False,False
64,2,145740488.0,145723392.0,7160368.0,20.353770644190355,4588080.0,14286848,0.0001791679933667183,3.160328184007208e-05,0.5991,0.07961220653084505,False,False
64,4,291480976.0,291446784.0,10159440.0,28.690653815564637,5014864.0,14843904,0.00019150400161743164,6.310102844628063e-05,0.0,0.0822016175868326,False,False
64,8,582961952.0,582893568.0,16157584.0,36.079772322396714,5868432.0,15958016,0.00024166400730609895,0.00012609652165869773,0.0,0.08738043969880768,False,False
64,16,1165923904.0,1165787136.0,28153872.0,41.41255966497255,7575568.0,39157760,0.00040806400775909423,0.0002520875080835319,0.0,0.0977380839227579,False,False
64,32,2331847808.0,2331574272.0,52146448.0,44.71728943072019,10989840.0,22642688,0.0005692800283432006,0.0005040694809332003,0.50886,0.11845337237065823,False,False
64,64,4663695616.0,4663148544.0,100131600.0,46.57566258803415,17818384.0,31555584,0.0009564160108566284,0.001008033426632537,0.24204,0.159883949266459,False,False
64,128,9327391232.0,9326297088.0,196101904.0,47.56400137756949,31475472.0,49381376,0.0017761280536651612,0.0020159613180312104,0.12276,0.24274510305806052,False,False
64,256,18654782464.0,18652594176.0,388042512.0,48.074068915418216,58789648.0,85032960,0.0036976159811019896,0.004031817100828557,0.52002,0.40846741064126313,False,False
64,14,1020183416.0,1020063744.0,25154800.0,40.55621257175569,7148784.0,37724160,0.0004402880072593689,0.00022058976147732337,0.35234000000000004,0.09514867286677031,False,True
64,102,7432764888.0,7431892992.0,157113968.0,47.30811004658733,25927280.0,43057152,0.0014643199443817138,0.0016064906121504995,0.25818,0.2090827593302227,False,True
64,215,15667102460.0,15665264640.0,326561536.0,47.97595776864548,50040576.0,73613312,0.003075584053993225,0.0033861132954012825,0.52968,0.35538448399351896,False,True
128,1,290539876.0,290506752.0,10133664.0,28.670762717216597,5013664.0,14843904,0.00021606400609016418,6.28976358973885e-05,0.0,0.08206625408797998,False,False
128,2,581079752.0,581013504.0,16106032.0,36.07839298965754,5866032.0,15958016,0.00025177599489688876,0.00012568973656091348,0.6053799999999999,0.08710971270110243,False,False
128,4,1162159504.0,1162027008.0,28050768.0,41.43057701664354,7570768.0,89825280,0.0009235999882221222,0.0002512739378879634,0.37420000000000003,0.0971966299273474,False,False
128,8,2324319008.0,2324054016.0,51940240.0,44.74987038950918,10980240.0,22642688,0.000545199990272522,0.0005024423405420633,0.3063,0.11737046437983722,False,False
128,16,4648638016.0,4648108032.0,99719184.0,46.617288966183274,17799184.0,31555584,0.0009773440062999725,0.001004779145850263,0.3262,0.15771813328481699,False,False
128,32,9297276032.0,9296216064.0,195277072.0,47.61068945155015,31437072.0,49381376,0.0017223680019378663,0.0020094527564666624,0.29684,0.2384134710947765,False,False
128,64,18594552064.0,18592432128.0,386392848.0,48.12343748143081,58712848.0,85032960,0.0035916799306869506,0.004018799977699461,0.41892,0.3998041467146951,False,False
128,128,37189104128.0,37184864256.0,768624400.0,48.383975486596576,113264400.0,156336128,0.00782691192626953,0.008037494420165058,0.70292,0.7225854979545332,False,False
128,256,74378208256.0,74369728512.0,1533087504.0,48.51530526596739,222367504.0,298942464,0.0157992000579834,0.016074883305096255,1.42052,1.3681482004342094,False,False
128,14,4067558264.0,4067094528.0,87774448.0,46.341029270842014,16094448.0,29327360,0.0008978239893913269,0.000879194944523213,0.46568,0.147631216058572,False,True
128,102,29635067352.0,29631688704.0,613342832.0,48.31729630778501,91102832.0,128548864,0.005931519985198975,0.00640489980291341,0.51964,0.5914555740133487,False,True
128,215,62466073340.0,62458951680.0,1288220416.0,48.49020599592795,187420416.0,253263872,0.01328875207901001,0.01350040717789173,1.25178,1.1613663972961845,False,True
224,1,889131364.0,889030656.0,22433952.0,39.63329171783911,6770848.0,86028288,0.0007842400074005127,0.0001922665111385454,0.43904000000000004,0.0923753250720839,False,False
224,2,1778262728.0,1778061312.0,40706608.0,43.68486629984007,9380400.0,20553728,0.0004988480061292648,0.00038442748704322727,0.0,0.10772785466931023,False,False
224,4,3556525456.0,3556122624.0,77251920.0,46.03802023302463,14599504.0,27435008,0.0008058559894561768,0.000768749438852591,0.0,0.138432913863763,False,False
224,8,7113050912.0,7112245248.0,150342544.0,47.31229579299922,25037712.0,41426944,0.0014346239566802978,0.0015373933424713184,0.40274,0.19984303225266853,False,False
224,16,14226101824.0,14224490496.0,296523792.0,47.97625758138153,45914128.0,68321280,0.002641408085823059,0.0030746811497087733,0.2577,0.32266326903047915,False,False
224,32,28452203648.0,28448980992.0,588886288.0,48.3152761879217,87666960.0,122912768,0.00561086392402649,0.006149256764183683,0.5357,0.5683037425861013,False,False
224,64,56904407296.0,56897961984.0,1173611280.0,48.486588588344176,171172624.0,232095744,0.011999728202819825,0.012298407993133502,1.03936,1.0595846896973455,False,False
224,128,113808814592.0,113795923968.0,2343061264.0,48.57270116689531,338183952.0,450461696,0.02444697570800781,0.024596710451033142,2.20506,2.0421465839198305,False,False
224,256,227617629184.0,227591847936.0,4681961232.0,48.61587226060141,672206608.0,887193600,0.0489540958404541,0.04919331536683242,4.15456,4.007270372364815,False,False
224,14,12447839096.0,12446429184.0,259978480.0,47.880267228272125,40695024.0,62087168,0.0023889920711517333,0.0026903591978994098,0.33476,0.29195820983602694,False,True
224,102,90691399128.0,90681126912.0,1867972208.0,48.550721868127496,270335600.0,362553344,0.019206560134887696,0.019600525077511415,1.49536,1.6429808143919473,False,True
224,215,191163243260.0,191141591040.0,3932782336.0,48.60763371268356,565214976.0,747302912,0.04065740966796875,0.04131471535474047,3.2319400000000003,3.3778166588785155,False,True
256,1,1161218404.0,1161086976.0,28024992.0,41.43510206889622,7569568.0,293183488,0.0038558720350265504,0.00025107054533907126,0.3782,0.09706126642849466,False,False
256,2,2322436808.0,2322173952.0,51888688.0,44.75805609114649,10977840.0,22642688,0.0005368639826774597,0.000502035555444279,0.0,0.11709973738213186,False,False
256,4,4644873616.0,4644347904.0,99616080.0,46.6277494155562,17794384.0,31555584,0.0009868960082530976,0.0010039655756546944,0.0,0.15717667928940626,False,False
256,8,9289747232.0,9288695808.0,195070864.0,47.62242316207714,31427472.0,49381376,0.0016475680470466614,0.002007825616075525,0.26905999999999997,0.23733056310395506,False,False
256,16,18579494464.0,18577391616.0,385980432.0,48.13584556017078,58693648.0,85032960,0.0036358720064163207,0.004015545696917187,0.4806,0.3976383307330522,False,False
256,32,37158988928.0,37154783232.0,767799568.0,48.39673070511548,113226000.0,156336128,0.007429631948471069,0.00803098585860051,0.68214,0.7182538659912474,False,False
256,64,74317977856.0,74309566464.0,1531437840.0,48.528236611941104,222290704.0,298942464,0.015444991588592529,0.016061866181967158,1.23058,1.3594849365076378,False,False
256,128,148635955712.0,148619132928.0,3058714384.0,48.59425793055675,440420112.0,584155136,0.03205990409851074,0.03212362682870045,2.5950599999999997,2.641947077540415,False,False
256,256,297271911424.0,297238265856.0,6113267472.0,48.627336000848224,876678928.0,1154580480,0.06413821029663086,0.06424714812216703,5.23418,5.206871359605984,False,False
256,14,16257057656.0,16255217664.0,338253040.0,48.06182275848873,51877104.0,76120064,0.0033061119318008422,0.0035136156767067717,0.29918,0.35756138882577826,False,True
256,102,118444277208.0,118430871552.0,2438258288.0,48.577411913630705,351805040.0,468287488,0.025150320053100587,0.025598536565965054,1.9900399999999998,2.120946832745851,False,True
256,215,249661956860.0,249633699840.0,5134855936.0,48.621024615246384,736939776.0,971866112,0.053900289535522464,0.05395758270785352,4.50338,4.385294050506857,False,True
384,1,2612349284.0,2612054016.0,57843872.0,45.162074973127666,11829408.0,23822336,0.0006901279985904693,0.0005646920610752092,0.24342,0.12205295366268587,False,False
384,2,5224698568.0,5224108032.0,111526448.0,46.847170888110774,19497520.0,33783808,0.0010086400508880614,0.001129278586916555,0.33752000000000004,0.16708311185051428,False,False
384,4,10449397136.0,10448216064.0,218891600.0,47.73777128039632,34833744.0,53837824,0.00175982403755188,0.0022584516385992463,0.45842,0.25714342822617153,False,False
384,8,20898794272.0,20896432128.0,433621904.0,48.195891580237145,65506192.0,94601216,0.003973119974136353,0.004516797741964629,0.37162,0.43726406097748605,False,False
384,16,41797588544.0,41792864256.0,863082512.0,48.428264925845234,126851088.0,174161920,0.008437616348266602,0.009033489948695394,0.7389600000000001,0.7975053264801133,False,False
384,32,83595177088.0,83585728512.0,1722003728.0,48.54529390891075,249540880.0,334594048,0.017677616119384766,0.018066874362156926,1.4890199999999998,1.5179878574853696,False,False
384,64,167190354176.0,167171457024.0,3439846160.0,48.60402076120753,494920464.0,655458304,0.03573043251037598,0.03613364318907999,2.7563,2.9589529194958786,False,False
384,128,334380708352.0,334342914048.0,6875531024.0,48.63343750247036,985679632.0,1297186816,0.07160464096069336,0.0722671808429261,5.83784,5.840883043516897,False,False
384,256,668761416704.0,668685828096.0,13746900752.0,48.64815923012346,1967197968.0,2580643840,0.14555741119384766,0.14453425615061835,11.71408,11.604743291558947,False,False
384,14,36572889976.0,36568756224.0,755717360.0,48.39493163952195,111514864.0,155680768,0.00730726408958435,0.007904316897012702,0.5878,0.7074450101044558,False,True
384,102,266459626968.0,266429509632.0,5479784048.0,48.62593573650989,786308720.0,1036484608,0.057281023025512696,0.05758793117105112,4.67834,4.6700989306333724,False,True
384,215,561655096060.0,561591613440.0,11545915136.0,48.64535114317334,1652805376.0,2169536512,0.12118835067749023,0.12138620859112317,9.77696,9.75850680585799,False,True
512,1,4643932516.0,4643407872.0,99590304.0,46.630367912121244,17793184.0,32210944,0.001047551989555359,0.0010037621831058023,0.41598,0.1570413157905537,False,False
512,2,9287865032.0,9286815744.0,195019312.0,47.62536046686494,31425072.0,50036736,0.0017089759707450867,0.002007418830977741,0.37488,0.23705983610624992,False,False
512,4,18575730064.0,18573631488.0,385877328.0,48.13895172405672,58688848.0,85032960,0.003616768002510071,0.0040147321267216185,0.48392,0.3970968767376428,False,False
512,8,37151460128.0,37147262976.0,767593360.0,48.39992379298331,113216400.0,156336128,0.007516127824783325,0.008029358718209373,0.48156,0.7171709580004269,False,False
512,16,74302920256.0,74294525952.0,1531025424.0,48.53147380261923,222271504.0,298942464,0.015601151943206788,0.016058611901184884,1.33446,1.3573191205259967,False,False
512,32,148605840512.0,148589051904.0,3057889552.0,48.59751733505383,440381712.0,584155136,0.03191648006439209,0.032117118267135904,2.6469,2.63761544557714,False,False
512,64,297211681024.0,297178103808.0,6111617808.0,48.63060655313805,876602128.0,1154580480,0.0638218231201172,0.06423413099903794,5.14606,5.198208095679419,False,False
512,128,594423362048.0,594356207616.0,12219074320.0,48.64716806534654,1749042960.0,2295431168,0.1277649917602539,0.12846815646284201,10.36906,10.319393395883992,False,False
512,256,1188846724096.0,1188712415232.0,24433987344.0,48.65545305228018,3493924624.0,4577132544,0.2600674591064453,0.2569362073904502,20.65618,20.56176399629311,False,False
512,14,65015055224.0,65007710208.0,1340167408.0,48.512637179429156,195007728.0,263290880,0.013710704326629639,0.014051298605441005,0.98206,1.1972820798946024,False,True
512,102,473681116632.0,473627602944.0,9737920112.0,48.64294543228843,1394613872.0,1831960576,0.1020902099609375,0.10237308361817161,8.4278,8.238911867675881,False,True
512,215,998445490940.0,998332692480.0,20521398016.0,48.65387290678432,2935017216.0,3846275072,0.2191482849121094,0.2157862848277007,17.56982,17.281004663349563,False,True
240,1,1020640100.0,1020524544.0,25136288.0,40.60424912381653,7156896.0,86295552,0.0008105279803276062,0.00022068846100213292,0.3326,0.09464019672768242,False,True
240,2,2041280200.0,2041049088.0,46111280.0,44.268565088629074,10152496.0,21563392,0.0005171200037002564,0.0004412713867704023,0.0,0.11225759798050738,False,True
240,4,4082560400.0,4082098176.0,88061264.0,46.360456511276055,16143696.0,29812736,0.0008919039964675903,0.000882437238306941,0.2534,0.1474924004861573,False,True
240,8,8165120800.0,8164196352.0,171961232.0,47.48233485556791,28126096.0,45940736,0.0016348959803581238,0.0017647689413800185,0.39482,0.21796200549745715,False,True
240,16,16330241600.0,16328392704.0,339761168.0,48.063884687375456,52090896.0,76398592,0.0031969280242919924,0.0035294323475261735,0.52226,0.3589012155200564,False,True
240,32,32660483200.0,32656785408.0,675361040.0,48.36003450835719,100020496.0,140017664,0.006628352165222168,0.0070587591598184835,0.51388,0.6407796355652557,False,True
240,64,65320966400.0,65313570816.0,1346560784.0,48.50948221287276,195879696.0,264404992,0.013897215843200684,0.014117412784403103,1.1919,1.2045364756556545,False,True
240,128,130641932800.0,130627141632.0,2688960272.0,48.58455298145067,387598096.0,515080192,0.02907540798187256,0.028234720033572344,2.562,2.3320501558364484,False,True
240,256,261283865600.0,261254283264.0,5373759248.0,48.62217556494448,771034896.0,1016430592,0.05795430374145508,0.056469334531910824,4.81036,4.587077516198036,False,True
240,14,14288961400.0,14287343616.0,297811184.0,47.97993550168351,46099696.0,68980736,0.0029132159948349,0.0030882664959896344,0.38728,0.3236664130144069,False,True
240,102,104105290200.0,104093503488.0,2143610480.0,48.56539523915744,309712496.0,413243392,0.022630319595336915,0.02249956396359734,2.06746,1.8739977232630025,False,True
240,215,219437621500.0,219412776960.0,4513784576.0,48.61499653013126,648215296.0,855841792,0.047758848190307616,0.047425434575411776,3.88094,3.8647640648322152,False,True
48,1,41126756.0,41121792.0,5008544.0,8.211319696901935,4281504.0,13886464,0.00021187200397253036,8.993937880239795e-06,0.0,0.07777080784460334,False,True
48,2,82253512.0,82243584.0,5855792.0,14.046522144229167,4401712.0,14043136,0.00020070399343967437,1.788234052661605e-05,0.0,0.07851882021434918,False,True
48,4,164507024.0,164487168.0,7550288.0,21.788178676098184,4642128.0,14356480,0.0001841600015759468,3.565914581936856e-05,0.0,0.08001484495384087,False,True
48,8,329014048.0,328974336.0,10939280.0,30.07638967098383,5122960.0,14983168,0.00019968000054359437,7.121275640487359e-05,0.45842,0.08300689443282422,False,True
48,16,658028096.0,657948672.0,17717264.0,37.1405029580188,6084624.0,16236544,0.0002539359927177429,0.00014231997757588365,0.0,0.08899099339079092,False,True
48,32,1316056192.0,1315897344.0,31273232.0,42.08251299386005,8007952.0,23666688,0.00038542400300502775,0.00028453441991790375,0.0,0.10095919130672437,False,True
48,64,2632112384.0,2631794688.0,58385168.0,45.08186709336864,11854608.0,23822336,0.0005867359936237335,0.000568963304601944,0.0,0.12489558713859128,False,True
48,128,5264224768.0,5263589376.0,112609040.0,46.74779900441386,19547920.0,33783808,0.0010905599594116212,0.0011378210739700243,0.0,0.1727683788023251,False,True
48,256,10528449536.0,10527178752.0,221056784.0,47.627805604916425,34934544.0,53837824,0.0020831519365310668,0.002275536612706185,0.27358,0.2685139621297923,False,True
48,14,575774584.0,575705088.0,16022768.0,35.934776313306166,5844208.0,15923200,0.00028774398565292356,0.00012454317228313114,0.0,0.08749496865129924,False,True
48,102,4194929112.0,4194422784.0,90580592.0,46.31156652188805,16422512.0,29710336,0.0009193600118160248,0.0009067226051642416,0.48814,0.15332005718893282,False,True
48,215,8842252540.0,8841185280.0,186319616.0,47.457442913579214,30006016.0,47414272,0.0018912320137023926,0.0019111121042047587,0.0,0.2378454549702127,False,True
144,1,367631204.0,367589376.0,11717792.0,31.373760858701026,5239968.0,15139840,0.00022783999890089036,7.955877892087082e-05,0.0,0.0833939374722964,False,True
144,2,735262408.0,735178752.0,19274288.0,38.1473187492062,6318640.0,16549888,0.0002774720042943954,0.00015901202260787812,0.0,0.08976507946973528,False,True
144,4,1470524816.0,1470357504.0,34387280.0,42.763627015570876,8475984.0,90451968,0.0009639840126037598,0.0003179185099818927,0.0,0.10250736346461298,False,True
144,8,2941049632.0,2940715008.0,64613264.0,45.51773815357788,12790672.0,25010176,0.0007197760045528412,0.0006357314847299218,0.0,0.1279919314543685,False,True
144,16,5882099264.0,5881430016.0,125065232.0,47.032250050117845,21420048.0,36290560,0.001197983980178833,0.0012713574342259801,0.28268,0.17896106743387952,False,True
144,32,11764198528.0,11762860032.0,245969168.0,47.827939670877775,38678800.0,58851328,0.002344815969467163,0.0025426093332180967,0.22562000000000001,0.280899339392902,False,True
144,64,23528397056.0,23525720064.0,487777040.0,48.23596669494735,73196304.0,103972864,0.004824063777923584,0.00508511313120233,0.45536,0.48477588331094523,False,True
144,128,47056794112.0,47051440128.0,971392784.0,48.44260209369643,142231312.0,194215936,0.010832335948944092,0.010170120727170795,1.04826,0.8925289711470334,False,True
144,256,94113588224.0,94102880256.0,1938624272.0,48.54658511363155,280301328.0,374702080,0.02090188789367676,0.02034013591910773,1.64804,1.7080351468192134,False,True
144,14,5146836856.0,5146251264.0,109952240.0,46.80974990595917,19262704.0,33470464,0.0011233279705047607,0.0011124509468519656,0.0,0.16621878343900187,False,True
144,102,37498382808.0,37494116352.0,774923888.0,48.38976238657389,114185840.0,157554688,0.007790512084960938,0.008104336391308607,0.74358,0.7268792792136232,False,True
144,215,79040708860.0,79031715840.0,1628807936.0,48.52672136047353,236075776.0,316890112,0.017143808364868163,0.017082552927940434,1.47096,1.446818324924216,False,True
288,1,1469583716.0,1469417472.0,34361504.0,42.768317591686326,8474784.0,293810176,0.0038999040126800537,0.0003177151174330006,0.43218,0.10237199996576041,False,True
288,2,2939167432.0,2938834944.0,64561712.0,45.52493019392051,12788272.0,25010176,0.0006818560063838959,0.0006353246996321376,0.29866,0.12772120445666335,False,True
288,4,5878334864.0,5877669888.0,124962128.0,47.040931185166755,21415248.0,36290560,0.001218400001525879,0.0012705438640304117,0.0,0.17841961343846924,False,True
288,8,11756669728.0,11755339776.0,245762960.0,47.837435421513476,38669200.0,58851328,0.002120703935623169,0.00254098219282696,0.2316,0.27981643140208057,False,True
288,16,23513339456.0,23510679552.0,487364624.0,48.24588880295916,73177104.0,103972864,0.0046919679641723635,0.005081858850420056,0.37292000000000003,0.4826100673293041,False,True
288,32,47026678912.0,47021359104.0,970567952.0,48.45274235059433,142192912.0,194215936,0.010270719528198241,0.010163612165606248,0.9170999999999999,0.8881973391837512,False,True
288,64,94053357824.0,94042718208.0,1936974608.0,48.556835714596005,280224528.0,374702080,0.020701183319091796,0.020327118795978635,1.81238,1.6993718828926418,False,True
288,128,188106715648.0,188085436416.0,3869787920.0,48.6090502985497,556287760.0,735674368,0.04096073722839356,0.040654132056723406,3.4013600000000004,3.321720970310423,False,True
288,256,376213431296.0,376170872832.0,7735414544.0,48.63519972408088,1108414224.0,1457618944,0.08216671752929687,0.08130815857821294,6.58152,6.566419145146,False,True
288,14,20574172024.0,20571844608.0,426964208.0,48.18711179649981,64550128.0,93495296,0.004224063873291016,0.004446639686021782,0.37357999999999997,0.4319116583474969,False,True
288,102,149897539032.0,149880582144.0,3084582512.0,48.595730037647314,444137072.0,589029376,0.032769535064697264,0.03239628291954584,2.61022,2.662641653546949,False,True
288,215,315960498940.0,315924756480.0,6497206016.0,48.630210918649745,931561216.0,1226371072,0.06920238494873047,0.06828616570804832,5.62202,5.527101761018969,False,True
